kanal	slug	format	publish_at	izlenme	kaynak	begeni	baslik
birdsvault	2026-09-28-1-venus-gun-yil		2026-09-28T07:00	72	sekme	?	Venüs'te bir gün, bir yıldan daha uzun sürüyor 🪐
birdsvault	2026-09-28-2-bebek-kemikleri		2026-09-28T12:00	26	sekme	?	Bebekler senden daha fazla kemikle doğuyor 👶
birdsvault	2026-09-28-3-kleopatra-piramit		2026-09-28T17:00	53	sekme	?	Kleopatra, piramitlerden çok Ay'a inişe yakın yaşadı 🏛️
birdsvault	2026-09-28-4-vombat-kup			337	sekme	?	Bu hayvan küp şeklinde dışkı yapıyor: Vombat 🟫
birdsvault	2026-09-28-5-bal-bozulmaz			185	sekme	?	Mutfağındaki bu yiyecek binlerce yıl bozulmadan kalabilir 🍯
birdsvault	2026-09-29-1-gokyuzu-mavi	neden	2026-09-29T09:30	43	sekme	?	Gökyüzü neden mavi? Cevap deniz değil 🌤️
birdsvault	2026-09-29-2-dunya-donmese	ne-olurdu	2026-09-29T15:30	14	sekme	?	Dünya dönmeyi bıraksa ne olurdu? 🌍
birdsvault	2026-09-29-3-derinkuyu	gizem	2026-09-29T18:30	28	sekme	?	1963'te bir adam bodrum duvarını yıktı ve bir yeraltı şehri buldu 🕳️
birdsvault	2026-09-30-1-sogan-aglatma	neden	2026-09-30T09:30	16	sekme	?	Soğan doğrarken neden ağlarız? Suçlu soğanın suyu değil 🧅
birdsvault	2026-09-30-2-ay-yok-olsa	ne-olurdu	2026-09-30T15:30	43	sekme	?	Ay bir gece aniden yok olsa ne olurdu? 🌙
birdsvault	2026-09-30-3-wow-sinyali	gizem	2026-09-30T18:30	13	sekme	?	1977'de uzaydan 72 saniyelik bir sinyal geldi, bir daha duyulmadı 📡
birdsvault	2026-10-01-1-parmak-burusma	neden	2026-10-01T09:30	12	sekme	?	Suda parmakların neden buruşur? Sebep su emmesi değil 🖐️
birdsvault	2026-10-01-2-hic-uyumasan	ne-olurdu	2026-10-01T15:30	21	sekme	?	Hiç uyumasan ne olurdu? Bir lise öğrencisi 11 gün denedi 😵
birdsvault	2026-10-01-3-dans-salgini	gizem	2026-10-01T18:30	7	sekme	?	1518'de bir kadın dans etmeye başladı, yüzlerce kişi peşinden gitti 💃
gaming	gaming/2026-10-01-1-dom-origin	lore	2026-10-01T17:00	1600	sekme	?	What Gears of War's E-Day took from Dom Santiago
gaming	gaming/2026-10-01-2-dom-secret	lore	2026-10-01T21:00	?	yok(gizli/silinmiş?)	?	The photo Dom Santiago carried through Gears of War
gaming	gaming/2026-10-01-3-dom-fate	lore	2026-10-02T01:00	?	yok(gizli/silinmiş?)	?	Dom Santiago's last words in Gears of War 3
birdsvault	2026-10-02-1-hickirik	neden	2026-10-02T09:30	9	sekme	?	Hıçkırık neden tutar? Kimse seni anmıyor 😅
birdsvault	2026-10-02-2-insanlar-yok-olsa	ne-olurdu	2026-10-02T15:30	19	sekme	?	İnsanlar bir gün yok olsa ne olurdu? 🏙️
birdsvault	2026-10-02-3-mary-celeste	gizem	2026-10-02T18:30	38	sekme	?	Okyanusta bulunan bu gemide kimse yoktu 🚢
gaming	gaming/2026-10-02-1-atsu-origin	lore	2026-10-02T17:00	464	sekme	?	How Atsu became the Onryo in Ghost of Yotei
gaming	gaming/2026-10-02-2-atsu-secret	lore	2026-10-02T21:00	302	sekme	?	Why Saito hunted Atsu's family in Ghost of Yotei
gaming	gaming/2026-10-02-3-atsu-fate	lore	2026-10-03T01:00	1500	sekme	?	Atsu's final duel with Saito in Ghost of Yotei
birdsvault	2026-10-03-1-esneme-bulasici	neden	2026-10-03T08:30	5	sekme	?	Esneme neden bulaşıcı? Oksijenle ilgisi yok 🥱
birdsvault	2026-10-03-2-buzlar-erise	ne-olurdu	2026-10-03T15:30	29	sekme	?	Bütün buzlar erise dünya nasıl görünürdü? 🧊
birdsvault	2026-10-03-3-dyatlov-gecidi	gizem	2026-10-03T18:30	37	sekme	?	9 kişi çadırı içeriden kesip karanlığa kaçtı 🏔️
gaming	gaming/2026-10-03-1-niko-origin	lore	2026-10-03T17:00	1800	sekme	?	Why Niko Bellic really came to Liberty City in GTA 4
gaming	gaming/2026-10-03-2-niko-secret	lore	2026-10-03T21:00	1700	sekme	?	The $1000 betrayal that haunted Niko Bellic in GTA 4
gaming	gaming/2026-10-03-3-niko-fate	lore	2026-10-04T01:00	1700	sekme	?	Niko Bellic's impossible choice at the end of GTA 4
global	global/2026-10-03-1-earth-stops-spinning	what-if	2026-10-03T15:00	272	sekme	?	What if Earth suddenly stopped spinning? 🌍
global	global/2026-10-01-1-space-no-suit	what-if	2026-10-03T13:00	17	sekme	?	What if you went to space without a suit? 🚀
global	global/2026-10-01-2-doorway-effect	psychology	2026-10-03T17:00	11	sekme	?	Why you forget why you walked into a room 🚪
global	global/2026-10-01-3-molasses-flood	dark-history	2026-10-03T21:00	3	sekme	?	The day a wave of syrup hit Boston 🌊
global	global/2026-10-02-1-black-hole-fall	what-if	2026-10-04T13:00	20	sekme	?	What if you fell into a black hole? 🕳️
global	global/2026-10-02-2-blockbuster-netflix	business	2026-10-04T17:00	7	sekme	?	The $50 million deal Blockbuster said no to 📼
global	global/2026-10-02-3-lake-nyos	dark-history	2026-10-04T21:00	2	rss	0	The night a quiet lake killed a valley 🌫️
global	global/2026-10-03-2-earworms	psychology	2026-10-03T19:00	5	sekme	?	Why songs get stuck in your head 🎵
global	global/2026-10-03-3-dancing-plague	dark-history	2026-10-03T23:00	4	sekme	?	The summer a whole city couldn't stop dancing 💃
birdsvault	2026-10-04-1-kedi-mirlama	neden	2026-10-04T08:30	20	rss	3	Kediler neden mırlar? Tek sebep mutluluk değil 🐈
birdsvault	2026-10-04-2-gunes-yok-olsa	ne-olurdu	2026-10-04T15:30	24	rss	2	Güneş bir anda yok olsa ne olurdu? ☀️
birdsvault	2026-10-04-3-roanoke	gizem	2026-10-04T18:30	1	rss	2	Bir direğe kazınmış tek kelime: CROATOAN 🪵
gaming	gaming/2026-10-04-1-ken-origin	lore	2026-10-04T17:00	1100	sekme	?	Why Ken Masters was sent away as a boy in Street Fighter
gaming	gaming/2026-10-04-2-ken-secret	lore	2026-10-04T21:00	1400	sekme	?	The secret behind Ken Masters' fall in Street Fighter 6
gaming	gaming/2026-10-04-3-ken-fate	lore	2026-10-05T01:00	1187	rss	32	Ken Masters' hardest choice in Street Fighter 6
global	global/2026-10-04-1-hole-through-earth	what-if	2026-10-04T15:00	14	sekme	?	What if you jumped into a hole through Earth? 🕳️
global	global/2026-10-04-2-kodak-digital-camera	business	2026-10-04T19:00	1	rss	0	Kodak invented the thing that killed Kodak 📷
global	global/2026-10-04-3-radium-girls	dark-history	2026-10-04T23:00	8	rss	0	The women who glowed in the dark ☢️
birdsvault	2026-10-05-1-yaprak-sararma	neden	2026-10-05T09:30	14	rss	2	Yapraklar neden sararır? Sebep soğuk değil 🍂
birdsvault	2026-10-05-2-arilar-yok-olsa	ne-olurdu	2026-10-05T15:30	1311	rss	14	Arılar yok olsa ne olurdu? 🐝
birdsvault	2026-10-05-3-tunguska	gizem	2026-10-05T18:30	1123	rss	25	80 milyon ağaç bir anda yere yattı, krater yok 🌲
gaming	gaming/2026-10-05-1-lucia-origin	lore	2026-10-05T17:00	984	rss	17	Lucia Caminos: the fighter at the heart of GTA 6
gaming	gaming/2026-10-05-2-jason-secret	lore	2026-10-05T21:00	35	rss	2	Jason Duval: GTA 6's man who wants a simple life
gaming	gaming/2026-10-05-3-jason-lucia-fate	lore	2026-10-06T01:00	1059	rss	27	Jason & Lucia: GTA 6's best or worst love story
global	global/2026-10-05-1-solar-storm-today	what-if	2026-10-05T15:00	64	rss	0	What if the 1859 solar storm hit today? ☀️
global	global/2026-10-05-2-hypnic-jerk	psychology	2026-10-05T19:00	185	rss	3	Why your body jolts just as you fall asleep ⚡
global	global/2026-10-05-3-year-without-summer	dark-history	2026-10-05T23:00	539	rss	18	The year summer never came ❄️
birdsvault	2026-10-06-1-voynich-el-yazmasi	gizem	2026-10-06T15:00	218	rss	6	600 yıldır kimsenin okuyamadığı kitap 📜
birdsvault	2026-10-06-2-londra-bira-seli	karanlik-tarih	2026-10-06T18:00	952	rss	18	Bir Londra mahallesini bira seli yuttu 🍺
birdsvault	2026-10-06-3-cehennem-kapisi	turkiye-gizem	2026-10-06T20:30	998	rss	22	Pamukkale'deki Cehennem Kapısı'nın sırrı 🔥
gaming	gaming/2026-10-06-1-marcus-origin	lore	2026-10-06T17:00	1380	rss	31	How Marcus Fenix became a Gears of War legend
gaming	gaming/2026-10-06-2-marcus-secret	lore	2026-10-06T21:00	1341	rss	40	Why Marcus Fenix was in prison in Gears of War
gaming	gaming/2026-10-06-3-marcus-fate	lore	2026-10-07T01:00	960	rss	30	Marcus Fenix's final choice in Gears of War 3
global	global/2026-10-06-1-moon-vanished	what-if	2026-10-06T15:00	6	rss	0	What if the Moon vanished tonight? 🌑
global	global/2026-10-06-2-ikea-build-it	business	2026-10-06T19:00	25	rss	0	Why IKEA makes you build it yourself 🔧
global	global/2026-10-06-3-peshtigo-fire	dark-history	2026-10-06T23:00	175	rss	2	America's deadliest fire that nobody remembers 🔥
birdsvault	2026-10-07-1-edgar-allan-poe	gizem	2026-10-07T15:00	313	rss	7	Poe'nun son 5 gününü kimse bilmiyor 🖋️
birdsvault	2026-10-07-2-eyam-veba-koyu	karanlik-tarih	2026-10-07T18:00	1032	rss	15	Vebayı durdurmak için kendini kapatan köy 🕯️
birdsvault	2026-10-07-3-yerebatan-medusa	turkiye-gizem	2026-10-07T20:30	1140	rss	21	Yerebatan'daki Medusa başları neden ters? 🐍
gaming	gaming/2026-10-07-1-leon-origin	lore	2026-10-07T17:00	1085	rss	39	Leon Kennedy's first day from hell in Resident Evil 2
gaming	gaming/2026-10-07-2-leon-secret	lore	2026-10-07T21:00	135	rss	0	Why Leon Kennedy never had a choice in Resident Evil 4
gaming	gaming/2026-10-07-3-leon-fate	lore	2026-10-08T01:00	1227	rss	41	Leon Kennedy's fate at the end of Resident Evil Requiem
global	global/2026-10-07-1-yellowstone-eruption	what-if	2026-10-07T15:00	758	rss	15	What if Yellowstone erupted tonight? 🌋
global	global/2026-10-07-2-why-cant-tickle-yourself	psychology	2026-10-07T19:00	230	rss	1	Why you can't tickle yourself 🪶
global	global/2026-10-07-3-centralia-fire	dark-history	2026-10-07T23:00	798	rss	23	The town that's been burning since 1962 🔥
birdsvault	2026-10-08-1-hessdalen-isiklari	gizem	2026-10-08T15:00	404	rss	4	Bu vadinin göğünde ışık topları beliriyor ✨
birdsvault	2026-10-08-2-peshtigo-yangini	karanlik-tarih	2026-10-08T18:00	126	rss	2	Şikago yanarken çok daha büyük bir yangın vardı 🔥
birdsvault	2026-10-08-3-nemrut-mezari	turkiye-gizem	2026-10-08T20:30	1125	rss	20	Nemrut Dağı'ndaki tepenin altında ne saklı? 🗿
gaming	gaming/2026-10-08-1-arthur-origin	lore	2026-10-08T17:00	1067	rss	37	How Dutch made Arthur Morgan an outlaw in Red Dead 2
gaming	gaming/2026-10-08-2-arthur-secret	lore	2026-10-08T21:00	914	rss	25	The debt that killed Arthur Morgan in Red Dead 2
gaming	gaming/2026-10-08-3-arthur-fate	lore	2026-10-09T01:00	362	rss	12	Arthur Morgan's last sunrise in Red Dead Redemption 2
global	global/2026-10-08-1-dinosaur-asteroid-today	what-if	2026-10-08T15:00	224	rss	0	What if the dinosaur asteroid hit today? ☄️
global	global/2026-10-08-2-why-goosebumps	body	2026-10-08T19:00	31	rss	0	What goosebumps are trying to do 🥶
global	global/2026-10-08-3-krakatoa-loudest-sound	dark-history	2026-10-08T23:00	485	rss	16	The sound heard 3,000 miles away 🌋
birdsvault	2026-10-09-1-kerala-kirmizi-yagmur	gizem	2026-10-09T15:00	?	yok(gizli/silinmiş?)	?	Gökten 2 ay boyunca kırmızı yağmur yağdı 🌧️
birdsvault	2026-10-09-2-vajont-baraji	karanlik-tarih	2026-10-09T18:00	?	yok(gizli/silinmiş?)	?	Bir dağ göle düştü, baraj ayakta kaldı 🌊
birdsvault	2026-10-09-3-durupinar-gemi-tepe	turkiye-gizem	2026-10-09T20:30	?	yok(gizli/silinmiş?)	?	Ağrı'daki gemi şeklindeki dev tepe 🚢
gaming	gaming/2026-10-09-1-kratos-origin	lore	2026-10-09T17:00	?	yok(gizli/silinmiş?)	?	The night that made Kratos the Ghost of Sparta in God of War
gaming	gaming/2026-10-09-2-kratos-secret	lore	2026-10-09T21:00	?	yok(gizli/silinmiş?)	?	The secret Kratos hid from Atreus in God of War
gaming	gaming/2026-10-09-3-kratos-fate	lore	2026-10-10T01:00	?	yok(gizli/silinmiş?)	?	How Kratos' story really ends in God of War Ragnarök
global	global/2026-10-09-1-all-ice-melted	what-if	2026-10-09T15:00	?	yok(gizli/silinmiş?)	?	What if all of Earth's ice melted? 🌊
global	global/2026-10-09-2-vision-black-standing-up	body	2026-10-09T19:00	?	yok(gizli/silinmiş?)	?	Why your vision goes black when you stand up 😵
global	global/2026-10-09-3-536-worst-year	dark-history	2026-10-09T23:00	?	yok(gizli/silinmiş?)	?	The year the Sun went dim for 18 months ☁️
?	qc3KUx87p0M			1K views	kayıtta-yok	?	
?	c5W2DTs6uzU			42 views	kayıtta-yok	?	
?	JA1wveeQQJI			166 views	kayıtta-yok	?	
?	10zPR79cxHo			1.4K views	kayıtta-yok	?	
